tipo	grupo	nombre	version	licencia	purl
library	-	@babel/code-frame	7.29.7	MIT	pkg:npm/%40babel/code-frame@7.29.7
library	-	@babel/compat-data	7.29.7	MIT	pkg:npm/%40babel/compat-data@7.29.7
library	-	@babel/core	7.29.7	MIT	pkg:npm/%40babel/core@7.29.7
library	-	debug	4.4.3	MIT	pkg:npm/debug@4.4.3
library	-	ms	2.1.3	MIT	pkg:npm/ms@2.1.3
library	-	@babel/generator	7.29.7	MIT	pkg:npm/%40babel/generator@7.29.7
library	-	@babel/helper-compilation-targets	7.29.7	MIT	pkg:npm/%40babel/helper-compilation-targets@7.29.7
library	-	@babel/helper-globals	7.29.7	MIT	pkg:npm/%40babel/helper-globals@7.29.7
library	-	@babel/helper-module-imports	7.29.7	MIT	pkg:npm/%40babel/helper-module-imports@7.29.7
library	-	@babel/helper-module-transforms	7.29.7	MIT	pkg:npm/%40babel/helper-module-transforms@7.29.7
library	-	@babel/helper-plugin-utils	7.29.7	MIT	pkg:npm/%40babel/helper-plugin-utils@7.29.7
library	-	@babel/helper-string-parser	7.29.7	MIT	pkg:npm/%40babel/helper-string-parser@7.29.7
library	-	@babel/helper-validator-identifier	7.29.7	MIT	pkg:npm/%40babel/helper-validator-identifier@7.29.7
library	-	@babel/helper-validator-option	7.29.7	MIT	pkg:npm/%40babel/helper-validator-option@7.29.7
library	-	@babel/helpers	7.29.7	MIT	pkg:npm/%40babel/helpers@7.29.7
library	-	@babel/parser	7.29.7	MIT	pkg:npm/%40babel/parser@7.29.7
library	-	@babel/plugin-syntax-async-generators	7.8.4	MIT	pkg:npm/%40babel/plugin-syntax-async-generators@7.8.4
library	-	@babel/plugin-syntax-bigint	7.8.3	MIT	pkg:npm/%40babel/plugin-syntax-bigint@7.8.3
library	-	@babel/plugin-syntax-class-properties	7.12.13	MIT	pkg:npm/%40babel/plugin-syntax-class-properties@7.12.13
library	-	@babel/plugin-syntax-class-static-block	7.14.5	MIT	pkg:npm/%40babel/plugin-syntax-class-static-block@7.14.5
library	-	@babel/plugin-syntax-import-attributes	7.29.7	MIT	pkg:npm/%40babel/plugin-syntax-import-attributes@7.29.7
library	-	@babel/plugin-syntax-import-meta	7.10.4	MIT	pkg:npm/%40babel/plugin-syntax-import-meta@7.10.4
library	-	@babel/plugin-syntax-json-strings	7.8.3	MIT	pkg:npm/%40babel/plugin-syntax-json-strings@7.8.3
library	-	@babel/plugin-syntax-jsx	7.29.7	MIT	pkg:npm/%40babel/plugin-syntax-jsx@7.29.7
library	-	@babel/plugin-syntax-logical-assignment-operators	7.10.4	MIT	pkg:npm/%40babel/plugin-syntax-logical-assignment-operators@7.10.4
library	-	@babel/plugin-syntax-nullish-coalescing-operator	7.8.3	MIT	pkg:npm/%40babel/plugin-syntax-nullish-coalescing-operator@7.8.3
library	-	@babel/plugin-syntax-numeric-separator	7.10.4	MIT	pkg:npm/%40babel/plugin-syntax-numeric-separator@7.10.4
library	-	@babel/plugin-syntax-object-rest-spread	7.8.3	MIT	pkg:npm/%40babel/plugin-syntax-object-rest-spread@7.8.3
library	-	@babel/plugin-syntax-optional-catch-binding	7.8.3	MIT	pkg:npm/%40babel/plugin-syntax-optional-catch-binding@7.8.3
library	-	@babel/plugin-syntax-optional-chaining	7.8.3	MIT	pkg:npm/%40babel/plugin-syntax-optional-chaining@7.8.3
library	-	@babel/plugin-syntax-private-property-in-object	7.14.5	MIT	pkg:npm/%40babel/plugin-syntax-private-property-in-object@7.14.5
library	-	@babel/plugin-syntax-top-level-await	7.14.5	MIT	pkg:npm/%40babel/plugin-syntax-top-level-await@7.14.5
library	-	@babel/plugin-syntax-typescript	7.29.7	MIT	pkg:npm/%40babel/plugin-syntax-typescript@7.29.7
library	-	@babel/template	7.29.7	MIT	pkg:npm/%40babel/template@7.29.7
library	-	@babel/traverse	7.29.7	MIT	pkg:npm/%40babel/traverse@7.29.7
library	-	debug	4.4.3	MIT	pkg:npm/debug@4.4.3
library	-	ms	2.1.3	MIT	pkg:npm/ms@2.1.3
library	-	@babel/types	7.29.7	MIT	pkg:npm/%40babel/types@7.29.7
library	-	@bcoe/v8-coverage	0.2.3	MIT	pkg:npm/%40bcoe/v8-coverage@0.2.3
library	-	@istanbuljs/load-nyc-config	1.1.0	ISC	pkg:npm/%40istanbuljs/load-nyc-config@1.1.0
library	-	@istanbuljs/schema	0.1.6	MIT	pkg:npm/%40istanbuljs/schema@0.1.6
library	-	@jest/console	29.7.0	MIT	pkg:npm/%40jest/console@29.7.0
library	-	@jest/core	29.7.0	MIT	pkg:npm/%40jest/core@29.7.0
library	-	@jest/environment	29.7.0	MIT	pkg:npm/%40jest/environment@29.7.0
library	-	@jest/expect	29.7.0	MIT	pkg:npm/%40jest/expect@29.7.0
library	-	@jest/expect-utils	29.7.0	MIT	pkg:npm/%40jest/expect-utils@29.7.0
library	-	@jest/fake-timers	29.7.0	MIT	pkg:npm/%40jest/fake-timers@29.7.0
library	-	@jest/globals	29.7.0	MIT	pkg:npm/%40jest/globals@29.7.0
library	-	@jest/reporters	29.7.0	MIT	pkg:npm/%40jest/reporters@29.7.0
library	-	@jest/schemas	29.6.3	MIT	pkg:npm/%40jest/schemas@29.6.3
library	-	@jest/source-map	29.6.3	MIT	pkg:npm/%40jest/source-map@29.6.3
library	-	@jest/test-result	29.7.0	MIT	pkg:npm/%40jest/test-result@29.7.0
library	-	@jest/test-sequencer	29.7.0	MIT	pkg:npm/%40jest/test-sequencer@29.7.0
library	-	@jest/transform	29.7.0	MIT	pkg:npm/%40jest/transform@29.7.0
library	-	@jest/types	29.6.3	MIT	pkg:npm/%40jest/types@29.6.3
library	-	@jridgewell/gen-mapping	0.3.13	MIT	pkg:npm/%40jridgewell/gen-mapping@0.3.13
library	-	@jridgewell/remapping	2.3.5	MIT	pkg:npm/%40jridgewell/remapping@2.3.5
library	-	@jridgewell/resolve-uri	3.1.2	MIT	pkg:npm/%40jridgewell/resolve-uri@3.1.2
library	-	@jridgewell/sourcemap-codec	1.5.5	MIT	pkg:npm/%40jridgewell/sourcemap-codec@1.5.5
library	-	@jridgewell/trace-mapping	0.3.31	MIT	pkg:npm/%40jridgewell/trace-mapping@0.3.31
library	-	@noble/hashes	1.8.0	MIT	pkg:npm/%40noble/hashes@1.8.0
library	-	@paralleldrive/cuid2	2.3.1	MIT	pkg:npm/%40paralleldrive/cuid2@2.3.1
library	-	@sinclair/typebox	0.27.12	MIT	pkg:npm/%40sinclair/typebox@0.27.12
library	-	@sinonjs/commons	3.0.1	BSD-3-Clause	pkg:npm/%40sinonjs/commons@3.0.1
library	-	@sinonjs/fake-timers	10.3.0	BSD-3-Clause	pkg:npm/%40sinonjs/fake-timers@10.3.0
library	-	@types/babel__core	7.20.5	MIT	pkg:npm/%40types/babel__core@7.20.5
library	-	@types/babel__generator	7.27.0	MIT	pkg:npm/%40types/babel__generator@7.27.0
library	-	@types/babel__template	7.4.4	MIT	pkg:npm/%40types/babel__template@7.4.4
library	-	@types/babel__traverse	7.28.0	MIT	pkg:npm/%40types/babel__traverse@7.28.0
library	-	@types/graceful-fs	4.1.9	MIT	pkg:npm/%40types/graceful-fs@4.1.9
library	-	@types/istanbul-lib-coverage	2.0.6	MIT	pkg:npm/%40types/istanbul-lib-coverage@2.0.6
library	-	@types/istanbul-lib-report	3.0.3	MIT	pkg:npm/%40types/istanbul-lib-report@3.0.3
library	-	@types/istanbul-reports	3.0.4	MIT	pkg:npm/%40types/istanbul-reports@3.0.4
library	-	@types/node	26.1.1	MIT	pkg:npm/%40types/node@26.1.1
library	-	@types/stack-utils	2.0.3	MIT	pkg:npm/%40types/stack-utils@2.0.3
library	-	@types/yargs	17.0.35	MIT	pkg:npm/%40types/yargs@17.0.35
library	-	@types/yargs-parser	21.0.3	MIT	pkg:npm/%40types/yargs-parser@21.0.3
library	-	accepts	1.3.8	MIT	pkg:npm/accepts@1.3.8
library	-	ansi-escapes	4.3.2	MIT	pkg:npm/ansi-escapes@4.3.2
library	-	ansi-regex	5.0.1	MIT	pkg:npm/ansi-regex@5.0.1
library	-	ansi-styles	4.3.0	MIT	pkg:npm/ansi-styles@4.3.0
library	-	anymatch	3.1.3	ISC	pkg:npm/anymatch@3.1.3
library	-	argparse	1.0.10	MIT	pkg:npm/argparse@1.0.10
library	-	array-flatten	1.1.1	MIT	pkg:npm/array-flatten@1.1.1
library	-	asap	2.0.6	MIT	pkg:npm/asap@2.0.6
library	-	asynckit	0.4.0	MIT	pkg:npm/asynckit@0.4.0
library	-	babel-jest	29.7.0	MIT	pkg:npm/babel-jest@29.7.0
library	-	babel-plugin-istanbul	6.1.1	BSD-3-Clause	pkg:npm/babel-plugin-istanbul@6.1.1
library	-	istanbul-lib-instrument	5.2.1	BSD-3-Clause	pkg:npm/istanbul-lib-instrument@5.2.1
library	-	babel-plugin-jest-hoist	29.6.3	MIT	pkg:npm/babel-plugin-jest-hoist@29.6.3
library	-	babel-preset-current-node-syntax	1.2.0	MIT	pkg:npm/babel-preset-current-node-syntax@1.2.0
library	-	babel-preset-jest	29.6.3	MIT	pkg:npm/babel-preset-jest@29.6.3
library	-	balanced-match	1.0.2	MIT	pkg:npm/balanced-match@1.0.2
library	-	base64-js	1.5.1	MIT	pkg:npm/base64-js@1.5.1
library	-	baseline-browser-mapping	2.11.4	Apache-2.0	pkg:npm/baseline-browser-mapping@2.11.4
library	-	better-sqlite3	11.10.0	MIT	pkg:npm/better-sqlite3@11.10.0
library	-	bindings	1.5.0	MIT	pkg:npm/bindings@1.5.0
library	-	bl	4.1.0	MIT	pkg:npm/bl@4.1.0
library	-	body-parser	1.20.6	MIT	pkg:npm/body-parser@1.20.6
library	-	brace-expansion	1.1.16	MIT	pkg:npm/brace-expansion@1.1.16
library	-	braces	3.0.3	MIT	pkg:npm/braces@3.0.3
library	-	browserslist	4.28.7	MIT	pkg:npm/browserslist@4.28.7
library	-	bser	2.1.1	Apache-2.0	pkg:npm/bser@2.1.1
library	-	buffer	5.7.1	MIT	pkg:npm/buffer@5.7.1
library	-	buffer-from	1.1.2	MIT	pkg:npm/buffer-from@1.1.2
library	-	bytes	3.1.2	MIT	pkg:npm/bytes@3.1.2
library	-	call-bind-apply-helpers	1.0.2	MIT	pkg:npm/call-bind-apply-helpers@1.0.2
library	-	call-bound	1.0.4	MIT	pkg:npm/call-bound@1.0.4
library	-	callsites	3.1.0	MIT	pkg:npm/callsites@3.1.0
library	-	camelcase	5.3.1	MIT	pkg:npm/camelcase@5.3.1
library	-	caniuse-lite	1.0.30001806	CC-BY-4.0	pkg:npm/caniuse-lite@1.0.30001806
library	-	chalk	4.1.2	MIT	pkg:npm/chalk@4.1.2
library	-	char-regex	1.0.2	MIT	pkg:npm/char-regex@1.0.2
library	-	chownr	1.1.4	ISC	pkg:npm/chownr@1.1.4
library	-	ci-info	3.9.0	MIT	pkg:npm/ci-info@3.9.0
library	-	cjs-module-lexer	1.4.3	MIT	pkg:npm/cjs-module-lexer@1.4.3
library	-	cliui	8.0.1	ISC	pkg:npm/cliui@8.0.1
library	-	co	4.6.0	MIT	pkg:npm/co@4.6.0
library	-	collect-v8-coverage	1.0.3	MIT	pkg:npm/collect-v8-coverage@1.0.3
library	-	color-convert	2.0.1	MIT	pkg:npm/color-convert@2.0.1
library	-	color-name	1.1.4	MIT	pkg:npm/color-name@1.1.4
library	-	combined-stream	1.0.8	MIT	pkg:npm/combined-stream@1.0.8
library	-	component-emitter	1.3.1	MIT	pkg:npm/component-emitter@1.3.1
library	-	concat-map	0.0.1	MIT	pkg:npm/concat-map@0.0.1
library	-	content-disposition	0.5.4	MIT	pkg:npm/content-disposition@0.5.4
library	-	content-type	1.0.5	MIT	pkg:npm/content-type@1.0.5
library	-	convert-source-map	2.0.0	MIT	pkg:npm/convert-source-map@2.0.0
library	-	cookie	0.7.2	MIT	pkg:npm/cookie@0.7.2
library	-	cookie-signature	1.0.7	MIT	pkg:npm/cookie-signature@1.0.7
library	-	cookiejar	2.1.4	MIT	pkg:npm/cookiejar@2.1.4
library	-	cors	2.8.6	MIT	pkg:npm/cors@2.8.6
library	-	create-jest	29.7.0	MIT	pkg:npm/create-jest@29.7.0
library	-	cross-spawn	7.0.6	MIT	pkg:npm/cross-spawn@7.0.6
library	-	debug	2.6.9	MIT	pkg:npm/debug@2.6.9
library	-	decompress-response	6.0.0	MIT	pkg:npm/decompress-response@6.0.0
library	-	dedent	1.7.2	MIT	pkg:npm/dedent@1.7.2
library	-	deep-extend	0.6.0	MIT	pkg:npm/deep-extend@0.6.0
library	-	deepmerge	4.3.1	MIT	pkg:npm/deepmerge@4.3.1
library	-	delayed-stream	1.0.0	MIT	pkg:npm/delayed-stream@1.0.0
library	-	depd	2.0.0	MIT	pkg:npm/depd@2.0.0
library	-	destroy	1.2.0	MIT	pkg:npm/destroy@1.2.0
library	-	detect-libc	2.1.2	Apache-2.0	pkg:npm/detect-libc@2.1.2
library	-	detect-newline	3.1.0	MIT	pkg:npm/detect-newline@3.1.0
library	-	dezalgo	1.0.4	ISC	pkg:npm/dezalgo@1.0.4
library	-	diff-sequences	29.6.3	MIT	pkg:npm/diff-sequences@29.6.3
library	-	dunder-proto	1.0.1	MIT	pkg:npm/dunder-proto@1.0.1
library	-	ee-first	1.1.1	MIT	pkg:npm/ee-first@1.1.1
library	-	electron-to-chromium	1.5.396	ISC	pkg:npm/electron-to-chromium@1.5.396
library	-	emittery	0.13.1	MIT	pkg:npm/emittery@0.13.1
library	-	emoji-regex	8.0.0	MIT	pkg:npm/emoji-regex@8.0.0
library	-	encodeurl	2.0.0	MIT	pkg:npm/encodeurl@2.0.0
library	-	end-of-stream	1.4.5	MIT	pkg:npm/end-of-stream@1.4.5
library	-	error-ex	1.3.4	MIT	pkg:npm/error-ex@1.3.4
library	-	es-define-property	1.0.1	MIT	pkg:npm/es-define-property@1.0.1
library	-	es-errors	1.3.0	MIT	pkg:npm/es-errors@1.3.0
library	-	es-object-atoms	1.1.2	MIT	pkg:npm/es-object-atoms@1.1.2
library	-	es-set-tostringtag	2.1.0	MIT	pkg:npm/es-set-tostringtag@2.1.0
library	-	escalade	3.2.0	MIT	pkg:npm/escalade@3.2.0
library	-	escape-html	1.0.3	MIT	pkg:npm/escape-html@1.0.3
library	-	escape-string-regexp	2.0.0	MIT	pkg:npm/escape-string-regexp@2.0.0
library	-	esprima	4.0.1	BSD-2-Clause	pkg:npm/esprima@4.0.1
library	-	etag	1.8.1	MIT	pkg:npm/etag@1.8.1
library	-	execa	5.1.1	MIT	pkg:npm/execa@5.1.1
library	-	exit	0.1.2	N/D	pkg:npm/exit@0.1.2
library	-	expand-template	2.0.3	(MIT OR WTFPL)	pkg:npm/expand-template@2.0.3
library	-	expect	29.7.0	MIT	pkg:npm/expect@29.7.0
library	-	express	4.22.2	MIT	pkg:npm/express@4.22.2
library	-	fast-json-stable-stringify	2.1.0	MIT	pkg:npm/fast-json-stable-stringify@2.1.0
library	-	fast-safe-stringify	2.1.1	MIT	pkg:npm/fast-safe-stringify@2.1.1
library	-	fb-watchman	2.0.2	Apache-2.0	pkg:npm/fb-watchman@2.0.2
library	-	file-uri-to-path	1.0.0	MIT	pkg:npm/file-uri-to-path@1.0.0
library	-	fill-range	7.1.1	MIT	pkg:npm/fill-range@7.1.1
library	-	finalhandler	1.3.2	MIT	pkg:npm/finalhandler@1.3.2
library	-	find-up	4.1.0	MIT	pkg:npm/find-up@4.1.0
library	-	form-data	4.0.6	MIT	pkg:npm/form-data@4.0.6
library	-	formidable	3.5.4	MIT	pkg:npm/formidable@3.5.4
library	-	forwarded	0.2.0	MIT	pkg:npm/forwarded@0.2.0
library	-	fresh	0.5.2	MIT	pkg:npm/fresh@0.5.2
library	-	fs-constants	1.0.0	MIT	pkg:npm/fs-constants@1.0.0
library	-	fs.realpath	1.0.0	ISC	pkg:npm/fs.realpath@1.0.0
library	-	fsevents	2.3.3	MIT	pkg:npm/fsevents@2.3.3
library	-	function-bind	1.1.2	MIT	pkg:npm/function-bind@1.1.2
library	-	gensync	1.0.0-beta.2	MIT	pkg:npm/gensync@1.0.0-beta.2
library	-	get-caller-file	2.0.5	ISC	pkg:npm/get-caller-file@2.0.5
library	-	get-intrinsic	1.3.0	MIT	pkg:npm/get-intrinsic@1.3.0
library	-	get-package-type	0.1.0	MIT	pkg:npm/get-package-type@0.1.0
library	-	get-proto	1.0.1	MIT	pkg:npm/get-proto@1.0.1
library	-	get-stream	6.0.1	MIT	pkg:npm/get-stream@6.0.1
library	-	github-from-package	0.0.0	MIT	pkg:npm/github-from-package@0.0.0
library	-	glob	7.2.3	ISC	pkg:npm/glob@7.2.3
library	-	gopd	1.2.0	MIT	pkg:npm/gopd@1.2.0
library	-	graceful-fs	4.2.11	ISC	pkg:npm/graceful-fs@4.2.11
library	-	has-flag	4.0.0	MIT	pkg:npm/has-flag@4.0.0
library	-	has-symbols	1.1.0	MIT	pkg:npm/has-symbols@1.1.0
library	-	has-tostringtag	1.0.2	MIT	pkg:npm/has-tostringtag@1.0.2
library	-	hasown	2.0.4	MIT	pkg:npm/hasown@2.0.4
library	-	html-escaper	2.0.2	MIT	pkg:npm/html-escaper@2.0.2
library	-	http-errors	2.0.1	MIT	pkg:npm/http-errors@2.0.1
library	-	human-signals	2.1.0	Apache-2.0	pkg:npm/human-signals@2.1.0
library	-	iconv-lite	0.4.24	MIT	pkg:npm/iconv-lite@0.4.24
library	-	ieee754	1.2.1	BSD-3-Clause	pkg:npm/ieee754@1.2.1
library	-	import-local	3.2.0	MIT	pkg:npm/import-local@3.2.0
library	-	imurmurhash	0.1.4	MIT	pkg:npm/imurmurhash@0.1.4
library	-	inflight	1.0.6	ISC	pkg:npm/inflight@1.0.6
library	-	inherits	2.0.4	ISC	pkg:npm/inherits@2.0.4
library	-	ini	1.3.8	ISC	pkg:npm/ini@1.3.8
library	-	ipaddr.js	1.9.1	MIT	pkg:npm/ipaddr.js@1.9.1
library	-	is-arrayish	0.2.1	MIT	pkg:npm/is-arrayish@0.2.1
library	-	is-core-module	2.16.2	MIT	pkg:npm/is-core-module@2.16.2
library	-	is-fullwidth-code-point	3.0.0	MIT	pkg:npm/is-fullwidth-code-point@3.0.0
library	-	is-generator-fn	2.1.0	MIT	pkg:npm/is-generator-fn@2.1.0
library	-	is-number	7.0.0	MIT	pkg:npm/is-number@7.0.0
library	-	is-stream	2.0.1	MIT	pkg:npm/is-stream@2.0.1
library	-	isexe	2.0.0	ISC	pkg:npm/isexe@2.0.0
library	-	istanbul-lib-coverage	3.2.2	BSD-3-Clause	pkg:npm/istanbul-lib-coverage@3.2.2
library	-	istanbul-lib-instrument	6.0.3	BSD-3-Clause	pkg:npm/istanbul-lib-instrument@6.0.3
library	-	semver	7.8.5	ISC	pkg:npm/semver@7.8.5
library	-	istanbul-lib-report	3.0.1	BSD-3-Clause	pkg:npm/istanbul-lib-report@3.0.1
library	-	istanbul-lib-source-maps	4.0.1	BSD-3-Clause	pkg:npm/istanbul-lib-source-maps@4.0.1
library	-	debug	4.4.3	MIT	pkg:npm/debug@4.4.3
library	-	ms	2.1.3	MIT	pkg:npm/ms@2.1.3
library	-	istanbul-reports	3.2.0	BSD-3-Clause	pkg:npm/istanbul-reports@3.2.0
library	-	jest	29.7.0	MIT	pkg:npm/jest@29.7.0
library	-	jest-changed-files	29.7.0	MIT	pkg:npm/jest-changed-files@29.7.0
library	-	jest-circus	29.7.0	MIT	pkg:npm/jest-circus@29.7.0
library	-	jest-cli	29.7.0	MIT	pkg:npm/jest-cli@29.7.0
library	-	jest-config	29.7.0	MIT	pkg:npm/jest-config@29.7.0
library	-	jest-diff	29.7.0	MIT	pkg:npm/jest-diff@29.7.0
library	-	jest-docblock	29.7.0	MIT	pkg:npm/jest-docblock@29.7.0
library	-	jest-each	29.7.0	MIT	pkg:npm/jest-each@29.7.0
library	-	jest-environment-node	29.7.0	MIT	pkg:npm/jest-environment-node@29.7.0
library	-	jest-get-type	29.6.3	MIT	pkg:npm/jest-get-type@29.6.3
library	-	jest-haste-map	29.7.0	MIT	pkg:npm/jest-haste-map@29.7.0
library	-	jest-leak-detector	29.7.0	MIT	pkg:npm/jest-leak-detector@29.7.0
library	-	jest-matcher-utils	29.7.0	MIT	pkg:npm/jest-matcher-utils@29.7.0
library	-	jest-message-util	29.7.0	MIT	pkg:npm/jest-message-util@29.7.0
library	-	jest-mock	29.7.0	MIT	pkg:npm/jest-mock@29.7.0
library	-	jest-pnp-resolver	1.2.3	MIT	pkg:npm/jest-pnp-resolver@1.2.3
library	-	jest-regex-util	29.6.3	MIT	pkg:npm/jest-regex-util@29.6.3
library	-	jest-resolve	29.7.0	MIT	pkg:npm/jest-resolve@29.7.0
library	-	jest-resolve-dependencies	29.7.0	MIT	pkg:npm/jest-resolve-dependencies@29.7.0
library	-	jest-runner	29.7.0	MIT	pkg:npm/jest-runner@29.7.0
library	-	jest-runtime	29.7.0	MIT	pkg:npm/jest-runtime@29.7.0
library	-	jest-snapshot	29.7.0	MIT	pkg:npm/jest-snapshot@29.7.0
library	-	semver	7.8.5	ISC	pkg:npm/semver@7.8.5
library	-	jest-util	29.7.0	MIT	pkg:npm/jest-util@29.7.0
library	-	jest-validate	29.7.0	MIT	pkg:npm/jest-validate@29.7.0
library	-	camelcase	6.3.0	MIT	pkg:npm/camelcase@6.3.0
library	-	jest-watcher	29.7.0	MIT	pkg:npm/jest-watcher@29.7.0
library	-	jest-worker	29.7.0	MIT	pkg:npm/jest-worker@29.7.0
library	-	supports-color	8.1.1	MIT	pkg:npm/supports-color@8.1.1
library	-	js-tokens	4.0.0	MIT	pkg:npm/js-tokens@4.0.0
library	-	js-yaml	3.15.0	MIT	pkg:npm/js-yaml@3.15.0
library	-	jsesc	3.1.0	MIT	pkg:npm/jsesc@3.1.0
library	-	json-parse-even-better-errors	2.3.1	MIT	pkg:npm/json-parse-even-better-errors@2.3.1
library	-	json5	2.2.3	MIT	pkg:npm/json5@2.2.3
library	-	kleur	3.0.3	MIT	pkg:npm/kleur@3.0.3
library	-	leven	3.1.0	MIT	pkg:npm/leven@3.1.0
library	-	lines-and-columns	1.2.4	MIT	pkg:npm/lines-and-columns@1.2.4
library	-	locate-path	5.0.0	MIT	pkg:npm/locate-path@5.0.0
library	-	lru-cache	5.1.1	ISC	pkg:npm/lru-cache@5.1.1
library	-	make-dir	4.0.0	MIT	pkg:npm/make-dir@4.0.0
library	-	semver	7.8.5	ISC	pkg:npm/semver@7.8.5
library	-	makeerror	1.0.12	BSD-3-Clause	pkg:npm/makeerror@1.0.12
library	-	math-intrinsics	1.1.0	MIT	pkg:npm/math-intrinsics@1.1.0
library	-	media-typer	0.3.0	MIT	pkg:npm/media-typer@0.3.0
library	-	merge-descriptors	1.0.3	MIT	pkg:npm/merge-descriptors@1.0.3
library	-	merge-stream	2.0.0	MIT	pkg:npm/merge-stream@2.0.0
library	-	methods	1.1.2	MIT	pkg:npm/methods@1.1.2
library	-	micromatch	4.0.8	MIT	pkg:npm/micromatch@4.0.8
library	-	mime	1.6.0	MIT	pkg:npm/mime@1.6.0
library	-	mime-db	1.52.0	MIT	pkg:npm/mime-db@1.52.0
library	-	mime-types	2.1.35	MIT	pkg:npm/mime-types@2.1.35
library	-	mimic-fn	2.1.0	MIT	pkg:npm/mimic-fn@2.1.0
library	-	mimic-response	3.1.0	MIT	pkg:npm/mimic-response@3.1.0
library	-	minimatch	3.1.5	ISC	pkg:npm/minimatch@3.1.5
library	-	minimist	1.2.8	MIT	pkg:npm/minimist@1.2.8
library	-	mkdirp-classic	0.5.3	MIT	pkg:npm/mkdirp-classic@0.5.3
library	-	ms	2.0.0	MIT	pkg:npm/ms@2.0.0
library	-	napi-build-utils	2.0.0	MIT	pkg:npm/napi-build-utils@2.0.0
library	-	natural-compare	1.4.0	MIT	pkg:npm/natural-compare@1.4.0
library	-	negotiator	0.6.3	MIT	pkg:npm/negotiator@0.6.3
library	-	node-abi	3.94.0	MIT	pkg:npm/node-abi@3.94.0
library	-	semver	7.8.5	ISC	pkg:npm/semver@7.8.5
library	-	node-int64	0.4.0	MIT	pkg:npm/node-int64@0.4.0
library	-	node-releases	2.0.51	MIT	pkg:npm/node-releases@2.0.51
library	-	normalize-path	3.0.0	MIT	pkg:npm/normalize-path@3.0.0
library	-	npm-run-path	4.0.1	MIT	pkg:npm/npm-run-path@4.0.1
library	-	object-assign	4.1.1	MIT	pkg:npm/object-assign@4.1.1
library	-	object-inspect	1.13.4	MIT	pkg:npm/object-inspect@1.13.4
library	-	on-finished	2.4.1	MIT	pkg:npm/on-finished@2.4.1
library	-	once	1.4.0	ISC	pkg:npm/once@1.4.0
library	-	onetime	5.1.2	MIT	pkg:npm/onetime@5.1.2
library	-	p-limit	3.1.0	MIT	pkg:npm/p-limit@3.1.0
library	-	p-locate	4.1.0	MIT	pkg:npm/p-locate@4.1.0
library	-	p-limit	2.3.0	MIT	pkg:npm/p-limit@2.3.0
library	-	p-try	2.2.0	MIT	pkg:npm/p-try@2.2.0
library	-	parse-json	5.2.0	MIT	pkg:npm/parse-json@5.2.0
library	-	parseurl	1.3.3	MIT	pkg:npm/parseurl@1.3.3
library	-	path-exists	4.0.0	MIT	pkg:npm/path-exists@4.0.0
library	-	path-is-absolute	1.0.1	MIT	pkg:npm/path-is-absolute@1.0.1
library	-	path-key	3.1.1	MIT	pkg:npm/path-key@3.1.1
library	-	path-parse	1.0.7	MIT	pkg:npm/path-parse@1.0.7
library	-	path-to-regexp	0.1.13	MIT	pkg:npm/path-to-regexp@0.1.13
library	-	picocolors	1.1.1	ISC	pkg:npm/picocolors@1.1.1
library	-	picomatch	2.3.2	MIT	pkg:npm/picomatch@2.3.2
library	-	pirates	4.0.7	MIT	pkg:npm/pirates@4.0.7
library	-	pkg-dir	4.2.0	MIT	pkg:npm/pkg-dir@4.2.0
library	-	prebuild-install	7.1.3	MIT	pkg:npm/prebuild-install@7.1.3
library	-	pretty-format	29.7.0	MIT	pkg:npm/pretty-format@29.7.0
library	-	ansi-styles	5.2.0	MIT	pkg:npm/ansi-styles@5.2.0
library	-	prompts	2.4.2	MIT	pkg:npm/prompts@2.4.2
library	-	proxy-addr	2.0.7	MIT	pkg:npm/proxy-addr@2.0.7
library	-	pump	3.0.4	MIT	pkg:npm/pump@3.0.4
library	-	pure-rand	6.1.0	MIT	pkg:npm/pure-rand@6.1.0
library	-	qs	6.15.3	BSD-3-Clause	pkg:npm/qs@6.15.3
library	-	range-parser	1.2.1	MIT	pkg:npm/range-parser@1.2.1
library	-	raw-body	2.5.3	MIT	pkg:npm/raw-body@2.5.3
library	-	rc	1.2.8	(BSD-2-Clause OR MIT OR Apache-2.0)	pkg:npm/rc@1.2.8
library	-	strip-json-comments	2.0.1	MIT	pkg:npm/strip-json-comments@2.0.1
library	-	react-is	18.3.1	MIT	pkg:npm/react-is@18.3.1
library	-	readable-stream	3.6.2	MIT	pkg:npm/readable-stream@3.6.2
library	-	require-directory	2.1.1	MIT	pkg:npm/require-directory@2.1.1
library	-	resolve	1.22.12	MIT	pkg:npm/resolve@1.22.12
library	-	resolve-cwd	3.0.0	MIT	pkg:npm/resolve-cwd@3.0.0
library	-	resolve-from	5.0.0	MIT	pkg:npm/resolve-from@5.0.0
library	-	resolve.exports	2.0.3	MIT	pkg:npm/resolve.exports@2.0.3
library	-	safe-buffer	5.2.1	MIT	pkg:npm/safe-buffer@5.2.1
library	-	safer-buffer	2.1.2	MIT	pkg:npm/safer-buffer@2.1.2
library	-	semver	6.3.1	ISC	pkg:npm/semver@6.3.1
library	-	send	0.19.2	MIT	pkg:npm/send@0.19.2
library	-	ms	2.1.3	MIT	pkg:npm/ms@2.1.3
library	-	serve-static	1.16.3	MIT	pkg:npm/serve-static@1.16.3
library	-	setprototypeof	1.2.0	ISC	pkg:npm/setprototypeof@1.2.0
library	-	shebang-command	2.0.0	MIT	pkg:npm/shebang-command@2.0.0
library	-	shebang-regex	3.0.0	MIT	pkg:npm/shebang-regex@3.0.0
library	-	side-channel	1.1.1	MIT	pkg:npm/side-channel@1.1.1
library	-	side-channel-list	1.0.1	MIT	pkg:npm/side-channel-list@1.0.1
library	-	side-channel-map	1.0.1	MIT	pkg:npm/side-channel-map@1.0.1
library	-	side-channel-weakmap	1.0.2	MIT	pkg:npm/side-channel-weakmap@1.0.2
library	-	signal-exit	3.0.7	ISC	pkg:npm/signal-exit@3.0.7
library	-	simple-concat	1.0.1	MIT	pkg:npm/simple-concat@1.0.1
library	-	simple-get	4.0.1	MIT	pkg:npm/simple-get@4.0.1
library	-	sisteransi	1.0.5	MIT	pkg:npm/sisteransi@1.0.5
library	-	slash	3.0.0	MIT	pkg:npm/slash@3.0.0
library	-	source-map	0.6.1	BSD-3-Clause	pkg:npm/source-map@0.6.1
library	-	source-map-support	0.5.13	MIT	pkg:npm/source-map-support@0.5.13
library	-	sprintf-js	1.0.3	BSD-3-Clause	pkg:npm/sprintf-js@1.0.3
library	-	stack-utils	2.0.6	MIT	pkg:npm/stack-utils@2.0.6
library	-	statuses	2.0.2	MIT	pkg:npm/statuses@2.0.2
library	-	string_decoder	1.3.0	MIT	pkg:npm/string_decoder@1.3.0
library	-	string-length	4.0.2	MIT	pkg:npm/string-length@4.0.2
library	-	string-width	4.2.3	MIT	pkg:npm/string-width@4.2.3
library	-	strip-ansi	6.0.1	MIT	pkg:npm/strip-ansi@6.0.1
library	-	strip-bom	4.0.0	MIT	pkg:npm/strip-bom@4.0.0
library	-	strip-final-newline	2.0.0	MIT	pkg:npm/strip-final-newline@2.0.0
library	-	strip-json-comments	3.1.1	MIT	pkg:npm/strip-json-comments@3.1.1
library	-	superagent	10.3.0	MIT	pkg:npm/superagent@10.3.0
library	-	debug	4.4.3	MIT	pkg:npm/debug@4.4.3
library	-	mime	2.6.0	MIT	pkg:npm/mime@2.6.0
library	-	ms	2.1.3	MIT	pkg:npm/ms@2.1.3
library	-	supertest	7.2.2	MIT	pkg:npm/supertest@7.2.2
library	-	cookie-signature	1.2.2	MIT	pkg:npm/cookie-signature@1.2.2
library	-	supports-color	7.2.0	MIT	pkg:npm/supports-color@7.2.0
library	-	supports-preserve-symlinks-flag	1.0.0	MIT	pkg:npm/supports-preserve-symlinks-flag@1.0.0
library	-	tar-fs	2.1.5	MIT	pkg:npm/tar-fs@2.1.5
library	-	tar-stream	2.2.0	MIT	pkg:npm/tar-stream@2.2.0
library	-	test-exclude	6.0.0	ISC	pkg:npm/test-exclude@6.0.0
library	-	tmpl	1.0.5	BSD-3-Clause	pkg:npm/tmpl@1.0.5
library	-	to-regex-range	5.0.1	MIT	pkg:npm/to-regex-range@5.0.1
library	-	toidentifier	1.0.1	MIT	pkg:npm/toidentifier@1.0.1
library	-	tunnel-agent	0.6.0	Apache-2.0	pkg:npm/tunnel-agent@0.6.0
library	-	type-detect	4.0.8	MIT	pkg:npm/type-detect@4.0.8
library	-	type-fest	0.21.3	(MIT OR CC0-1.0)	pkg:npm/type-fest@0.21.3
library	-	type-is	1.6.18	MIT	pkg:npm/type-is@1.6.18
library	-	undici-types	8.3.0	MIT	pkg:npm/undici-types@8.3.0
library	-	unpipe	1.0.0	MIT	pkg:npm/unpipe@1.0.0
library	-	update-browserslist-db	1.2.3	MIT	pkg:npm/update-browserslist-db@1.2.3
library	-	util-deprecate	1.0.2	MIT	pkg:npm/util-deprecate@1.0.2
library	-	utils-merge	1.0.1	MIT	pkg:npm/utils-merge@1.0.1
library	-	v8-to-istanbul	9.3.0	ISC	pkg:npm/v8-to-istanbul@9.3.0
library	-	vary	1.1.2	MIT	pkg:npm/vary@1.1.2
library	-	walker	1.0.8	Apache-2.0	pkg:npm/walker@1.0.8
library	-	which	2.0.2	ISC	pkg:npm/which@2.0.2
library	-	wrap-ansi	7.0.0	MIT	pkg:npm/wrap-ansi@7.0.0
library	-	wrappy	1.0.2	ISC	pkg:npm/wrappy@1.0.2
library	-	write-file-atomic	4.0.2	ISC	pkg:npm/write-file-atomic@4.0.2
library	-	y18n	5.0.8	ISC	pkg:npm/y18n@5.0.8
library	-	yallist	3.1.1	ISC	pkg:npm/yallist@3.1.1
library	-	yargs	17.7.3	MIT	pkg:npm/yargs@17.7.3
library	-	yargs-parser	21.1.1	ISC	pkg:npm/yargs-parser@21.1.1
library	-	yocto-queue	0.1.0	MIT	pkg:npm/yocto-queue@0.1.0
